id_registro,ciclo,data,codigo_modulo,nome_modulo,tipo_modulo,codigo_sensor,distancia_antena_m,latencia_prevista_ms,latencia_observada_ms,tensao_v,corrente_a,potencia_w,consumo_modulo_kw,carga_processamento_pct,indice_interferencia,status_operacional,nivel_prioridade,mensagem_alerta,origem_cadastro
1,1,2026-09-03,HAB,Habitação,habitacao,0x1A3F,120,73.73,74.82,26.36,1.868,49.24,18.5,77.2,0.237,ativo,4,Transmissão dentro do previsto,Fase 5
2,1,2026-09-03,MED,Suporte Médico,suporte_medico,0x5F09,150,72.21,82.04,27.48,1.613,44.33,12.3,79.3,0.237,ativo,5,Transmissão dentro do previsto,Fase 5
3,1,2026-09-03,OXI,Produção de Oxigênio,suporte_vida,0x7B12,95,62.29,66.56,28.01,1.551,43.45,24.7,72.2,0.237,ativo,5,"Enlace estável, sem ocorrências",Fase 5
4,1,2026-09-03,CTR,Centro de Controle,controle,0x3D11,40,50.67,56.64,26.75,1.865,49.88,15.1,61.8,0.237,ativo,4,Transmissão dentro do previsto,Fase 5
5,1,2026-09-03,ENE,Armazenamento de Energia,energia,0x7A05,110,64.25,78.44,27.9,1.797,50.13,5.4,73.0,0.237,ativo,5,Transmissão dentro do previsto,Fase 5
6,1,2026-09-03,AGR,Agricultura,agricultura,0x2A10,310,84.19,88.84,28.18,2.148,60.52,21.0,56.4,0.237,ativo,2,Operação nominal do módulo,Fase 5
7,1,2026-09-03,LAB,Laboratório Científico,laboratorio,0x4E30,420,93.34,101.42,28.32,2.164,61.29,13.8,48.7,0.237,ativo,2,"Enlace estável, sem ocorrências",Fase 5
8,1,2026-09-03,COM,Comunicação,comunicacao,0x3C01,35,46.61,55.82,27.75,1.761,48.86,9.6,61.9,0.237,ativo,3,Transmissão dentro do previsto,Fase 5
9,1,2026-09-03,COM-R,Enlace Redundante,comunicacao,0x3C02,90,47.58,54.04,27.15,1.615,43.85,8.9,52.1,0.237,ativo,3,Operação nominal do módulo,Fase 6
10,1,2026-09-03,DAT,Armazenamento de Dados,armazenamento,0x6A77,75,58.34,67.55,25.65,1.623,41.63,11.2,66.3,0.237,alerta,4,Queda de tensão no transmissor,Fase 6
11,1,2026-09-03,BKP,Backup Redundante,armazenamento,0x6A78,130,57.4,67.48,28.37,1.682,47.71,7.8,54.5,0.237,ativo,3,"Enlace estável, sem ocorrências",Fase 6
12,1,2026-09-03,EXT,Antena Externa Remota,comunicacao,0x3E40,640,72.07,81.62,26.49,2.401,63.59,6.5,63.0,0.237,ativo,3,"Enlace estável, sem ocorrências",Fase 6
13,2,2026-09-04,HAB,Habitação,habitacao,0x1A3F,120,68.78,74.0,27.16,1.816,49.31,18.5,54.7,0.206,ativo,4,Transmissão dentro do previsto,Fase 5
14,2,2026-09-04,MED,Suporte Médico,suporte_medico,0x5F09,150,70.53,78.35,26.98,1.769,47.73,12.3,73.7,0.206,ativo,5,Operação nominal do módulo,Fase 5
15,2,2026-09-04,OXI,Produção de Oxigênio,suporte_vida,0x7B12,95,55.65,57.41,27.03,1.691,45.72,24.7,43.4,0.206,ativo,5,Operação nominal do módulo,Fase 5
16,2,2026-09-04,CTR,Centro de Controle,controle,0x3D11,40,56.24,61.49,26.5,1.576,41.78,15.1,82.2,0.206,ativo,4,Transmissão dentro do previsto,Fase 5
17,2,2026-09-04,ENE,Armazenamento de Energia,energia,0x7A05,110,62.93,72.01,27.27,1.551,42.31,5.4,62.3,0.206,ativo,5,Transmissão dentro do previsto,Fase 5
18,2,2026-09-04,AGR,Agricultura,agricultura,0x2A10,310,86.83,91.52,26.85,1.684,45.21,21.0,59.0,0.206,ativo,2,Operação nominal do módulo,Fase 5
19,2,2026-09-04,LAB,Laboratório Científico,laboratorio,0x4E30,420,92.51,138.22,29.26,2.024,59.21,13.8,43.7,0.206,alerta,2,Latência acima do limite operacional,Fase 5
20,2,2026-09-04,COM,Comunicação,comunicacao,0x3C01,35,42.17,48.41,27.89,1.902,53.06,9.6,44.4,0.206,ativo,3,"Enlace estável, sem ocorrências",Fase 5
21,2,2026-09-04,COM-R,Enlace Redundante,comunicacao,0x3C02,90,48.42,50.1,25.99,1.814,47.15,8.9,57.9,0.206,ativo,3,"Enlace estável, sem ocorrências",Fase 6
22,2,2026-09-04,DAT,Armazenamento de Dados,armazenamento,0x6A77,75,55.88,59.1,29.7,2.208,65.56,11.2,69.8,0.206,ativo,4,"Enlace estável, sem ocorrências",Fase 6
23,2,2026-09-04,BKP,Backup Redundante,armazenamento,0x6A78,130,57.39,63.33,26.61,1.67,44.42,7.8,52.4,0.206,ativo,3,Operação nominal do módulo,Fase 6
24,2,2026-09-04,EXT,Antena Externa Remota,comunicacao,0x3E40,640,71.57,77.78,26.36,2.01,52.98,6.5,54.2,0.206,ativo,3,"Enlace estável, sem ocorrências",Fase 6
25,3,2026-09-05,HAB,Habitação,habitacao,0x1A3F,120,68.98,68.21,26.95,1.52,40.97,18.5,50.5,0.05,ativo,4,Operação nominal do módulo,Fase 5
26,3,2026-09-05,MED,Suporte Médico,suporte_medico,0x5F09,150,69.75,70.8,26.51,1.934,51.27,12.3,72.4,0.05,ativo,5,Transmissão dentro do previsto,Fase 5
27,3,2026-09-05,OXI,Produção de Oxigênio,suporte_vida,0x7B12,95,57.1,54.57,27.99,1.624,45.45,24.7,49.8,0.05,ativo,5,Transmissão dentro do previsto,Fase 5
28,3,2026-09-05,CTR,Centro de Controle,controle,0x3D11,40,55.64,57.9,27.37,1.696,46.42,15.1,82.3,0.05,ativo,4,Transmissão dentro do previsto,Fase 5
29,3,2026-09-05,ENE,Armazenamento de Energia,energia,0x7A05,110,62.71,60.35,27.97,1.999,55.91,5.4,69.6,0.05,ativo,5,"Enlace estável, sem ocorrências",Fase 5
30,3,2026-09-05,AGR,Agricultura,agricultura,0x2A10,310,90.3,88.31,27.3,1.875,51.21,21.0,78.5,0.05,ativo,2,Transmissão dentro do previsto,Fase 5
31,3,2026-09-05,LAB,Laboratório Científico,laboratorio,0x4E30,420,95.61,98.25,27.07,2.066,55.91,13.8,55.7,0.05,ativo,2,"Enlace estável, sem ocorrências",Fase 5
32,3,2026-09-05,COM,Comunicação,comunicacao,0x3C01,35,44.84,45.34,25.24,1.63,41.15,9.6,49.2,0.05,alerta,3,Interferência por tempestade de poeira,Fase 5
33,3,2026-09-05,COM-R,Enlace Redundante,comunicacao,0x3C02,90,44.55,46.2,27.13,1.865,50.6,8.9,42.4,0.05,ativo,3,"Enlace estável, sem ocorrências",Fase 6
34,3,2026-09-05,DAT,Armazenamento de Dados,armazenamento,0x6A77,75,58.28,64.11,27.14,1.864,50.58,11.2,71.5,0.05,ativo,4,Operação nominal do módulo,Fase 6
35,3,2026-09-05,BKP,Backup Redundante,armazenamento,0x6A78,130,59.23,57.32,27.25,1.788,48.73,7.8,63.5,0.05,ativo,3,"Enlace estável, sem ocorrências",Fase 6
36,3,2026-09-05,EXT,Antena Externa Remota,comunicacao,0x3E40,640,70.72,67.59,29.56,2.158,63.79,6.5,57.0,0.05,manutencao,3,Calibração de sensor agendada,Fase 6
37,4,2026-09-06,HAB,Habitação,habitacao,0x1A3F,120,65.04,66.09,26.7,1.616,43.13,18.5,33.9,0.051,ativo,4,Transmissão dentro do previsto,Fase 5
38,4,2026-09-06,MED,Suporte Médico,suporte_medico,0x5F09,150,69.35,65.29,26.92,1.609,43.31,12.3,65.7,0.051,ativo,5,Operação nominal do módulo,Fase 5
39,4,2026-09-06,OXI,Produção de Oxigênio,suporte_vida,0x7B12,95,67.36,78.22,26.08,1.508,39.34,24.7,92.7,0.051,ativo,5,Operação nominal do módulo,Fase 5
40,4,2026-09-06,CTR,Centro de Controle,controle,0x3D11,40,51.3,55.35,29.4,1.467,43.13,15.1,60.6,0.051,ativo,4,"Enlace estável, sem ocorrências",Fase 5
41,4,2026-09-06,ENE,Armazenamento de Energia,energia,0x7A05,110,63.51,64.22,27.35,1.475,40.34,5.4,63.7,0.051,manutencao,5,Manutenção programada do transceptor,Fase 5
42,4,2026-09-06,AGR,Agricultura,agricultura,0x2A10,310,86.17,87.91,28.61,1.972,56.44,21.0,62.9,0.051,ativo,2,Operação nominal do módulo,Fase 5
43,4,2026-09-06,LAB,Laboratório Científico,laboratorio,0x4E30,420,102.4,109.0,27.85,2.049,57.07,13.8,87.3,0.051,manutencao,2,Manutenção preventiva de antena,Fase 5
44,4,2026-09-06,COM,Comunicação,comunicacao,0x3C01,35,51.27,57.48,27.79,1.439,39.98,9.6,77.7,0.051,ativo,3,Operação nominal do módulo,Fase 5
45,4,2026-09-06,COM-R,Enlace Redundante,comunicacao,0x3C02,90,45.19,45.25,28.52,1.782,50.82,8.9,45.5,0.051,ativo,3,Operação nominal do módulo,Fase 6
46,4,2026-09-06,DAT,Armazenamento de Dados,armazenamento,0x6A77,75,57.87,64.15,27.39,1.638,44.86,11.2,66.1,0.051,ativo,4,Transmissão dentro do previsto,Fase 6
47,4,2026-09-06,BKP,Backup Redundante,armazenamento,0x6A78,130,57.4,53.35,27.69,1.798,49.79,7.8,55.8,0.051,ativo,3,Operação nominal do módulo,Fase 6
48,4,2026-09-06,EXT,Antena Externa Remota,comunicacao,0x3E40,640,71.38,69.58,28.45,2.252,64.07,6.5,60.1,0.051,ativo,3,Operação nominal do módulo,Fase 6
49,5,2026-09-07,HAB,Habitação,habitacao,0x1A3F,120,71.11,85.26,29.41,1.945,57.2,18.5,70.1,0.277,ativo,4,Operação nominal do módulo,Fase 5
50,5,2026-09-07,MED,Suporte Médico,suporte_medico,0x5F09,150,72.43,77.23,27.57,1.641,45.25,12.3,80.9,0.277,ativo,5,Operação nominal do módulo,Fase 5
51,5,2026-09-07,OXI,Produção de Oxigênio,suporte_vida,0x7B12,95,62.19,76.59,27.58,1.916,52.85,24.7,77.5,0.277,ativo,5,Transmissão dentro do previsto,Fase 5
52,5,2026-09-07,CTR,Centro de Controle,controle,0x3D11,40,57.05,67.66,26.21,1.551,40.66,15.1,85.2,0.277,ativo,4,"Enlace estável, sem ocorrências",Fase 5
53,5,2026-09-07,ENE,Armazenamento de Energia,energia,0x7A05,110,62.03,71.6,27.54,1.503,41.39,5.4,57.6,0.277,ativo,5,Operação nominal do módulo,Fase 5
54,5,2026-09-07,AGR,Agricultura,agricultura,0x2A10,310,86.63,100.38,27.83,1.957,54.48,21.0,63.8,0.277,ativo,2,Operação nominal do módulo,Fase 5
55,5,2026-09-07,LAB,Laboratório Científico,laboratorio,0x4E30,420,101.43,111.18,28.15,1.782,50.16,13.8,78.7,0.277,ativo,2,"Enlace estável, sem ocorrências",Fase 5
56,5,2026-09-07,COM,Comunicação,comunicacao,0x3C01,35,47.21,61.4,28.68,1.681,48.2,9.6,64.3,0.277,ativo,3,Transmissão dentro do previsto,Fase 5
57,5,2026-09-07,COM-R,Enlace Redundante,comunicacao,0x3C02,90,52.02,57.21,27.33,1.769,48.35,8.9,75.0,0.277,ativo,3,"Enlace estável, sem ocorrências",Fase 6
58,5,2026-09-07,DAT,Armazenamento de Dados,armazenamento,0x6A77,75,59.88,68.49,26.6,1.72,45.74,11.2,75.8,0.277,ativo,4,Operação nominal do módulo,Fase 6
59,5,2026-09-07,BKP,Backup Redundante,armazenamento,0x6A78,130,65.36,73.28,28.43,1.844,52.42,7.8,93.6,0.277,ativo,3,"Enlace estável, sem ocorrências",Fase 6
60,5,2026-09-07,EXT,Antena Externa Remota,comunicacao,0x3E40,640,65.79,70.36,27.62,2.547,70.34,6.5,38.6,0.277,ativo,3,Transmissão dentro do previsto,Fase 6
61,6,2026-09-08,HAB,Habitação,habitacao,0x1A3F,120,66.37,62.22,28.08,1.783,50.06,18.5,44.2,0.105,ativo,4,Transmissão dentro do previsto,Fase 5
62,6,2026-09-08,MED,Suporte Médico,suporte_medico,0x5F09,150,70.99,103.08,28.27,1.792,50.65,12.3,77.6,0.105,alerta,5,Falha parcial de redundância do enlace,Fase 5
63,6,2026-09-08,OXI,Produção de Oxigênio,suporte_vida,0x7B12,95,63.13,65.11,27.3,1.741,47.53,24.7,78.5,0.105,manutencao,5,Manutenção preventiva de antena,Fase 5
64,6,2026-09-08,CTR,Centro de Controle,controle,0x3D11,40,48.96,47.46,28.41,1.286,36.53,15.1,45.8,0.105,manutencao,4,Manutenção preventiva de antena,Fase 5
65,6,2026-09-08,ENE,Armazenamento de Energia,energia,0x7A05,110,63.91,70.64,28.32,1.671,47.33,5.4,69.8,0.105,manutencao,5,Manutenção programada do transceptor,Fase 5
66,6,2026-09-08,AGR,Agricultura,agricultura,0x2A10,310,82.46,83.8,28.99,1.961,56.85,21.0,46.3,0.105,ativo,2,"Enlace estável, sem ocorrências",Fase 5
67,6,2026-09-08,LAB,Laboratório Científico,laboratorio,0x4E30,420,100.87,99.69,27.11,2.211,59.94,13.8,82.1,0.105,ativo,2,"Enlace estável, sem ocorrências",Fase 5
68,6,2026-09-08,COM,Comunicação,comunicacao,0x3C01,35,51.02,58.02,27.36,1.309,35.82,9.6,74.0,0.105,ativo,3,"Enlace estável, sem ocorrências",Fase 5
69,6,2026-09-08,COM-R,Enlace Redundante,comunicacao,0x3C02,90,48.46,52.75,26.78,1.777,47.59,8.9,58.4,0.105,ativo,3,Operação nominal do módulo,Fase 6
70,6,2026-09-08,DAT,Armazenamento de Dados,armazenamento,0x6A77,75,55.88,62.69,25.88,1.875,48.53,11.2,59.4,0.105,ativo,4,"Enlace estável, sem ocorrências",Fase 6
71,6,2026-09-08,BKP,Backup Redundante,armazenamento,0x6A78,130,63.78,67.24,27.88,2.096,58.43,7.8,90.1,0.105,ativo,3,Operação nominal do módulo,Fase 6
72,6,2026-09-08,EXT,Antena Externa Remota,comunicacao,0x3E40,640,72.51,73.08,27.87,2.306,64.27,6.5,65.4,0.105,ativo,3,Operação nominal do módulo,Fase 6
73,7,2026-09-09,HAB,Habitação,habitacao,0x1A3F,120,77.32,84.23,27.0,1.681,45.37,18.5,91.1,0.109,ativo,4,Operação nominal do módulo,Fase 5
74,7,2026-09-09,MED,Suporte Médico,suporte_medico,0x5F09,150,70.79,73.08,27.19,1.8,48.94,12.3,75.7,0.109,ativo,5,Transmissão dentro do previsto,Fase 5
75,7,2026-09-09,OXI,Produção de Oxigênio,suporte_vida,0x7B12,95,59.63,67.59,27.51,2.173,59.78,24.7,70.1,0.109,ativo,5,Transmissão dentro do previsto,Fase 5
76,7,2026-09-09,CTR,Centro de Controle,controle,0x3D11,40,53.66,54.31,27.31,1.504,41.08,15.1,70.0,0.109,ativo,4,Operação nominal do módulo,Fase 5
77,7,2026-09-09,ENE,Armazenamento de Energia,energia,0x7A05,110,63.51,65.97,28.23,1.918,54.14,5.4,72.1,0.109,ativo,5,Transmissão dentro do previsto,Fase 5
78,7,2026-09-09,AGR,Agricultura,agricultura,0x2A10,310,80.1,78.69,25.49,1.884,48.02,21.0,30.1,0.109,alerta,2,Perda intermitente de pacotes no enlace,Fase 5
79,7,2026-09-09,LAB,Laboratório Científico,laboratorio,0x4E30,420,91.58,85.47,28.48,1.937,55.18,13.8,37.0,0.109,ativo,2,Operação nominal do módulo,Fase 5
80,7,2026-09-09,COM,Comunicação,comunicacao,0x3C01,35,41.94,51.01,26.88,1.723,46.31,9.6,39.1,0.109,manutencao,3,Calibração de sensor agendada,Fase 5
81,7,2026-09-09,COM-R,Enlace Redundante,comunicacao,0x3C02,90,50.78,51.95,28.37,1.762,49.99,8.9,70.4,0.109,ativo,3,Transmissão dentro do previsto,Fase 6
82,7,2026-09-09,DAT,Armazenamento de Dados,armazenamento,0x6A77,75,55.98,63.84,26.52,1.924,51.03,11.2,61.3,0.109,ativo,4,Operação nominal do módulo,Fase 6
83,7,2026-09-09,BKP,Backup Redundante,armazenamento,0x6A78,130,63.41,65.62,27.64,1.791,49.51,7.8,82.9,0.109,ativo,3,Transmissão dentro do previsto,Fase 6
84,7,2026-09-09,EXT,Antena Externa Remota,comunicacao,0x3E40,640,70.12,77.16,25.78,2.426,62.53,6.5,53.5,0.109,alerta,3,Latência acima do limite operacional,Fase 6
85,8,2026-09-10,HAB,Habitação,habitacao,0x1A3F,120,72.76,73.54,25.64,1.585,40.64,18.5,67.5,0.044,alerta,4,Interferência por tempestade de poeira,Fase 5
86,8,2026-09-10,MED,Suporte Médico,suporte_medico,0x5F09,150,71.73,75.2,27.72,1.585,43.95,12.3,76.9,0.044,ativo,5,Transmissão dentro do previsto,Fase 5
87,8,2026-09-10,OXI,Produção de Oxigênio,suporte_vida,0x7B12,95,58.96,59.33,27.83,2.072,57.65,24.7,65.8,0.044,ativo,5,Operação nominal do módulo,Fase 5
88,8,2026-09-10,CTR,Centro de Controle,controle,0x3D11,40,53.07,54.58,26.52,1.632,43.28,15.1,68.7,0.044,ativo,4,Operação nominal do módulo,Fase 5
89,8,2026-09-10,ENE,Armazenamento de Energia,energia,0x7A05,110,61.21,64.32,28.31,1.693,47.95,5.4,57.9,0.044,ativo,5,Operação nominal do módulo,Fase 5
90,8,2026-09-10,AGR,Agricultura,agricultura,0x2A10,310,86.61,83.3,27.79,1.782,49.53,21.0,60.7,0.044,ativo,2,"Enlace estável, sem ocorrências",Fase 5
91,8,2026-09-10,LAB,Laboratório Científico,laboratorio,0x4E30,420,88.4,86.05,27.22,2.132,58.04,13.8,24.3,0.044,ativo,2,"Enlace estável, sem ocorrências",Fase 5
92,8,2026-09-10,COM,Comunicação,comunicacao,0x3C01,35,44.69,54.39,29.7,1.427,42.38,9.6,49.3,0.044,ativo,3,"Enlace estável, sem ocorrências",Fase 5
93,8,2026-09-10,COM-R,Enlace Redundante,comunicacao,0x3C02,90,42.78,40.03,27.77,2.028,56.32,8.9,37.9,0.044,ativo,3,Transmissão dentro do previsto,Fase 6
94,8,2026-09-10,DAT,Armazenamento de Dados,armazenamento,0x6A77,75,59.93,59.43,27.77,1.364,37.87,11.2,71.2,0.044,ativo,4,Transmissão dentro do previsto,Fase 6
95,8,2026-09-10,BKP,Backup Redundante,armazenamento,0x6A78,130,60.96,63.74,26.8,1.842,49.36,7.8,71.7,0.044,manutencao,3,Manutenção programada do transceptor,Fase 6
96,8,2026-09-10,EXT,Antena Externa Remota,comunicacao,0x3E40,640,73.89,72.66,27.76,2.055,57.04,6.5,67.2,0.044,ativo,3,"Enlace estável, sem ocorrências",Fase 6
97,9,2026-09-11,HAB,Habitação,habitacao,0x1A3F,120,68.9,86.66,26.82,1.995,53.5,18.5,57.8,0.57,ativo,4,Operação nominal do módulo,Fase 5
98,9,2026-09-11,MED,Suporte Médico,suporte_medico,0x5F09,150,73.54,87.87,26.91,1.693,45.55,12.3,86.1,0.57,ativo,5,"Enlace estável, sem ocorrências",Fase 5
99,9,2026-09-11,OXI,Produção de Oxigênio,suporte_vida,0x7B12,95,54.37,71.03,30.3,1.633,49.47,24.7,39.9,0.57,ativo,5,Transmissão dentro do previsto,Fase 5
100,9,2026-09-11,CTR,Centro de Controle,controle,0x3D11,40,46.67,66.56,28.14,1.739,48.93,15.1,43.1,0.57,alerta,4,Latência acima do limite operacional,Fase 5
101,9,2026-09-11,ENE,Armazenamento de Energia,energia,0x7A05,110,63.04,82.67,27.69,1.662,46.01,5.4,65.0,0.57,ativo,5,Transmissão dentro do previsto,Fase 5
102,9,2026-09-11,AGR,Agricultura,agricultura,0x2A10,310,91.4,108.5,27.68,1.874,51.88,21.0,83.9,0.57,manutencao,2,Manutenção programada do transceptor,Fase 5
103,9,2026-09-11,LAB,Laboratório Científico,laboratorio,0x4E30,420,92.91,111.13,28.15,2.124,59.79,13.8,45.8,0.57,ativo,2,Transmissão dentro do previsto,Fase 5
104,9,2026-09-11,COM,Comunicação,comunicacao,0x3C01,35,46.46,72.41,27.48,1.476,40.57,9.6,56.2,0.57,alerta,3,Falha parcial de redundância do enlace,Fase 5
105,9,2026-09-11,COM-R,Enlace Redundante,comunicacao,0x3C02,90,47.66,57.11,25.72,1.787,45.96,8.9,53.7,0.57,alerta,3,Interferência por tempestade de poeira,Fase 6
106,9,2026-09-11,DAT,Armazenamento de Dados,armazenamento,0x6A77,75,60.81,79.59,26.71,1.446,38.64,11.2,75.7,0.57,ativo,4,Operação nominal do módulo,Fase 6
107,9,2026-09-11,BKP,Backup Redundante,armazenamento,0x6A78,130,57.91,78.18,27.96,1.814,50.73,7.8,58.7,0.57,alerta,3,Falha parcial de redundância do enlace,Fase 6
108,9,2026-09-11,EXT,Antena Externa Remota,comunicacao,0x3E40,640,70.63,90.82,26.93,2.233,60.12,6.5,54.3,0.57,ativo,3,Transmissão dentro do previsto,Fase 6
109,10,2026-09-12,HAB,Habitação,habitacao,0x1A3F,120,74.06,95.75,27.85,1.689,47.03,18.5,77.3,0.932,manutencao,4,Manutenção preventiva de antena,Fase 5
110,10,2026-09-12,MED,Suporte Médico,suporte_medico,0x5F09,150,69.15,101.61,26.44,1.602,42.36,12.3,64.2,0.932,alerta,5,Perda intermitente de pacotes no enlace,Fase 5
111,10,2026-09-12,OXI,Produção de Oxigênio,suporte_vida,0x7B12,95,64.21,89.98,26.37,1.695,44.7,24.7,81.7,0.932,alerta,5,Falha parcial de redundância do enlace,Fase 5
112,10,2026-09-12,CTR,Centro de Controle,controle,0x3D11,40,51.36,82.5,27.26,1.761,48.0,15.1,63.8,0.932,alerta,4,Perda intermitente de pacotes no enlace,Fase 5
113,10,2026-09-12,ENE,Armazenamento de Energia,energia,0x7A05,110,59.7,83.59,27.49,1.684,46.3,5.4,50.0,0.932,alerta,5,Queda de tensão no transmissor,Fase 5
114,10,2026-09-12,AGR,Agricultura,agricultura,0x2A10,310,89.32,110.92,26.38,1.927,50.83,21.0,73.8,0.932,ativo,2,Transmissão dentro do previsto,Fase 5
115,10,2026-09-12,LAB,Laboratório Científico,laboratorio,0x4E30,420,97.7,122.95,29.11,2.118,61.64,13.8,68.7,0.932,ativo,2,"Enlace estável, sem ocorrências",Fase 5
116,10,2026-09-12,COM,Comunicação,comunicacao,0x3C01,35,47.76,86.66,28.1,1.605,45.11,9.6,64.9,0.932,alerta,3,Latência acima do limite operacional,Fase 5
117,10,2026-09-12,COM-R,Enlace Redundante,comunicacao,0x3C02,90,43.15,75.25,28.39,1.408,39.98,8.9,29.5,0.932,alerta,3,Perda intermitente de pacotes no enlace,Fase 6
118,10,2026-09-12,DAT,Armazenamento de Dados,armazenamento,0x6A77,75,60.48,95.13,25.45,1.701,43.3,11.2,77.0,0.932,alerta,4,Queda de tensão no transmissor,Fase 6
119,10,2026-09-12,BKP,Backup Redundante,armazenamento,0x6A78,130,59.51,87.45,27.09,1.584,42.9,7.8,61.2,0.932,alerta,3,Falha parcial de redundância do enlace,Fase 6
120,10,2026-09-12,EXT,Antena Externa Remota,comunicacao,0x3E40,640,67.38,99.01,29.46,2.516,74.12,6.5,48.1,0.932,alerta,3,Interferência por tempestade de poeira,Fase 6
121,11,2026-09-13,HAB,Habitação,habitacao,0x1A3F,120,72.56,131.65,28.87,1.848,53.35,18.5,74.4,0.79,alerta,4,Perda intermitente de pacotes no enlace,Fase 5
122,11,2026-09-13,MED,Suporte Médico,suporte_medico,0x5F09,150,75.09,105.12,26.89,1.536,41.31,12.3,90.5,0.79,alerta,5,Latência acima do limite operacional,Fase 5
123,11,2026-09-13,OXI,Produção de Oxigênio,suporte_vida,0x7B12,95,59.74,84.89,27.78,1.949,54.14,24.7,67.2,0.79,alerta,5,Latência acima do limite operacional,Fase 5
124,11,2026-09-13,CTR,Centro de Controle,controle,0x3D11,40,52.48,76.72,27.57,1.41,38.87,15.1,63.3,0.79,alerta,4,Latência acima do limite operacional,Fase 5
125,11,2026-09-13,ENE,Armazenamento de Energia,energia,0x7A05,110,63.83,88.47,28.48,1.724,49.11,5.4,70.5,0.79,alerta,5,Latência acima do limite operacional,Fase 5
126,11,2026-09-13,AGR,Agricultura,agricultura,0x2A10,310,82.18,108.32,27.33,1.81,49.48,21.0,40.5,0.79,ativo,2,Operação nominal do módulo,Fase 5
127,11,2026-09-13,LAB,Laboratório Científico,laboratorio,0x4E30,420,98.63,126.41,27.37,2.246,61.46,13.8,72.8,0.79,ativo,2,"Enlace estável, sem ocorrências",Fase 5
128,11,2026-09-13,COM,Comunicação,comunicacao,0x3C01,35,50.53,89.0,27.88,1.707,47.59,9.6,79.0,0.79,alerta,3,Queda de tensão no transmissor,Fase 5
129,11,2026-09-13,COM-R,Enlace Redundante,comunicacao,0x3C02,90,50.34,74.19,26.13,1.643,42.92,8.9,64.0,0.79,alerta,3,Perda intermitente de pacotes no enlace,Fase 6
130,11,2026-09-13,DAT,Armazenamento de Dados,armazenamento,0x6A77,75,58.7,81.91,26.95,1.57,42.31,11.2,68.4,0.79,alerta,4,Queda de tensão no transmissor,Fase 6
131,11,2026-09-13,BKP,Backup Redundante,armazenamento,0x6A78,130,58.01,87.11,27.8,1.539,42.79,7.8,54.3,0.79,alerta,3,Falha parcial de redundância do enlace,Fase 6
132,11,2026-09-13,EXT,Antena Externa Remota,comunicacao,0x3E40,640,67.65,92.24,26.22,1.93,50.61,6.5,34.9,0.79,alerta,3,Falha parcial de redundância do enlace,Fase 6
133,12,2026-09-14,HAB,Habitação,habitacao,0x1A3F,120,73.82,102.28,28.84,1.252,36.11,18.5,69.5,0.757,alerta,4,Interferência por tempestade de poeira,Fase 5
134,12,2026-09-14,MED,Suporte Médico,suporte_medico,0x5F09,150,68.7,96.73,26.67,1.606,42.83,12.3,62.4,0.757,alerta,5,Falha parcial de redundância do enlace,Fase 5
135,12,2026-09-14,OXI,Produção de Oxigênio,suporte_vida,0x7B12,95,59.62,88.69,27.13,2.048,55.58,24.7,67.5,0.757,alerta,5,Interferência por tempestade de poeira,Fase 5
136,12,2026-09-14,CTR,Centro de Controle,controle,0x3D11,40,52.15,73.35,27.9,2.217,61.85,15.1,75.9,0.757,alerta,4,Perda intermitente de pacotes no enlace,Fase 5
137,12,2026-09-14,ENE,Armazenamento de Energia,energia,0x7A05,110,66.51,90.07,27.1,1.634,44.29,5.4,79.7,0.757,alerta,5,Interferência por tempestade de poeira,Fase 5
138,12,2026-09-14,AGR,Agricultura,agricultura,0x2A10,310,79.14,104.73,27.87,2.021,56.32,21.0,30.9,0.757,ativo,2,"Enlace estável, sem ocorrências",Fase 5
139,12,2026-09-14,LAB,Laboratório Científico,laboratorio,0x4E30,420,93.81,119.93,27.44,2.082,57.12,13.8,48.3,0.757,ativo,2,"Enlace estável, sem ocorrências",Fase 5
140,12,2026-09-14,COM,Comunicação,comunicacao,0x3C01,35,43.63,80.81,27.45,1.689,46.36,9.6,46.9,0.757,alerta,3,Queda de tensão no transmissor,Fase 5
141,12,2026-09-14,COM-R,Enlace Redundante,comunicacao,0x3C02,90,50.81,73.56,25.42,1.347,34.25,8.9,60.8,0.757,alerta,3,Perda intermitente de pacotes no enlace,Fase 6
142,12,2026-09-14,DAT,Armazenamento de Dados,armazenamento,0x6A77,75,53.09,72.8,27.75,1.854,51.44,11.2,48.4,0.757,alerta,4,Falha parcial de redundância do enlace,Fase 6
143,12,2026-09-14,BKP,Backup Redundante,armazenamento,0x6A78,130,56.55,72.01,27.82,1.969,54.76,7.8,55.0,0.757,ativo,3,Operação nominal do módulo,Fase 6
144,12,2026-09-14,EXT,Antena Externa Remota,comunicacao,0x3E40,640,70.79,97.61,27.05,2.318,62.71,6.5,56.6,0.757,alerta,3,Queda de tensão no transmissor,Fase 6
145,13,2026-09-15,HAB,Habitação,habitacao,0x1A3F,120,73.17,99.66,28.03,1.457,40.83,18.5,69.5,0.844,alerta,4,Latência acima do limite operacional,Fase 5
146,13,2026-09-15,MED,Suporte Médico,suporte_medico,0x5F09,150,67.06,89.14,26.82,2.138,57.32,12.3,63.8,0.844,ativo,5,"Enlace estável, sem ocorrências",Fase 5
147,13,2026-09-15,OXI,Produção de Oxigênio,suporte_vida,0x7B12,95,62.33,86.5,26.67,1.777,47.4,24.7,74.8,0.844,alerta,5,Latência acima do limite operacional,Fase 5
148,13,2026-09-15,CTR,Centro de Controle,controle,0x3D11,40,55.25,75.4,29.08,1.74,50.59,15.1,83.1,0.844,alerta,4,Falha parcial de redundância do enlace,Fase 5
149,13,2026-09-15,ENE,Armazenamento de Energia,energia,0x7A05,110,61.68,87.31,26.55,1.744,46.29,5.4,59.0,0.844,alerta,5,Queda de tensão no transmissor,Fase 5
150,13,2026-09-15,AGR,Agricultura,agricultura,0x2A10,310,85.76,111.94,27.96,1.903,53.19,21.0,59.1,0.844,ativo,2,Operação nominal do módulo,Fase 5
151,13,2026-09-15,LAB,Laboratório Científico,laboratorio,0x4E30,420,97.08,119.56,29.31,2.122,62.21,13.8,66.3,0.844,manutencao,2,Manutenção programada do transceptor,Fase 5
152,13,2026-09-15,COM,Comunicação,comunicacao,0x3C01,35,47.77,90.13,27.73,1.798,49.88,9.6,67.9,0.844,alerta,3,Latência acima do limite operacional,Fase 5
153,13,2026-09-15,COM-R,Enlace Redundante,comunicacao,0x3C02,90,40.0,67.39,27.11,1.76,47.72,8.9,20.0,0.844,alerta,3,Perda intermitente de pacotes no enlace,Fase 6
154,13,2026-09-15,DAT,Armazenamento de Dados,armazenamento,0x6A77,75,53.19,77.08,28.0,1.769,49.53,11.2,47.7,0.844,alerta,4,Queda de tensão no transmissor,Fase 6
155,13,2026-09-15,BKP,Backup Redundante,armazenamento,0x6A78,130,57.44,84.91,26.97,2.148,57.93,7.8,61.0,0.844,alerta,3,Perda intermitente de pacotes no enlace,Fase 6
156,13,2026-09-15,EXT,Antena Externa Remota,comunicacao,0x3E40,640,71.94,93.74,26.4,2.291,60.49,6.5,60.5,0.844,manutencao,3,Calibração de sensor agendada,Fase 6
157,14,2026-09-16,HAB,Habitação,habitacao,0x1A3F,120,70.9,76.21,27.54,1.682,46.33,18.5,62.5,0.148,ativo,4,Operação nominal do módulo,Fase 5
158,14,2026-09-16,MED,Suporte Médico,suporte_medico,0x5F09,150,64.57,70.59,28.72,1.692,48.6,12.3,47.2,0.148,ativo,5,Transmissão dentro do previsto,Fase 5
159,14,2026-09-16,OXI,Produção de Oxigênio,suporte_vida,0x7B12,95,61.28,67.9,27.75,1.838,51.01,24.7,72.2,0.148,ativo,5,Transmissão dentro do previsto,Fase 5
160,14,2026-09-16,CTR,Centro de Controle,controle,0x3D11,40,50.35,57.73,28.16,1.59,44.78,15.1,57.2,0.148,ativo,4,Transmissão dentro do previsto,Fase 5
161,14,2026-09-16,ENE,Armazenamento de Energia,energia,0x7A05,110,64.12,71.17,28.95,1.702,49.28,5.4,71.9,0.148,ativo,5,"Enlace estável, sem ocorrências",Fase 5
162,14,2026-09-16,AGR,Agricultura,agricultura,0x2A10,310,84.72,91.35,27.43,1.813,49.74,21.0,52.2,0.148,ativo,2,Operação nominal do módulo,Fase 5
163,14,2026-09-16,LAB,Laboratório Científico,laboratorio,0x4E30,420,98.37,104.18,28.24,1.999,56.45,13.8,68.6,0.148,ativo,2,"Enlace estável, sem ocorrências",Fase 5
164,14,2026-09-16,COM,Comunicação,comunicacao,0x3C01,35,44.82,62.88,25.68,1.451,37.26,9.6,46.7,0.148,alerta,3,Interferência por tempestade de poeira,Fase 5
165,14,2026-09-16,COM-R,Enlace Redundante,comunicacao,0x3C02,90,49.88,55.49,27.13,1.812,49.15,8.9,65.8,0.148,ativo,3,Operação nominal do módulo,Fase 6
166,14,2026-09-16,DAT,Armazenamento de Dados,armazenamento,0x6A77,75,58.84,63.42,27.1,1.291,34.98,11.2,64.5,0.148,ativo,4,Transmissão dentro do previsto,Fase 6
167,14,2026-09-16,BKP,Backup Redundante,armazenamento,0x6A78,130,60.57,63.48,27.72,1.654,45.86,7.8,67.8,0.148,ativo,3,Operação nominal do módulo,Fase 6
168,14,2026-09-16,EXT,Antena Externa Remota,comunicacao,0x3E40,640,67.96,75.67,28.39,2.433,69.06,6.5,47.6,0.148,ativo,3,Operação nominal do módulo,Fase 6
169,15,2026-09-17,HAB,Habitação,habitacao,0x1A3F,120,73.28,73.74,26.55,1.637,43.46,18.5,71.6,0.114,ativo,4,Transmissão dentro do previsto,Fase 5
170,15,2026-09-17,MED,Suporte Médico,suporte_medico,0x5F09,150,63.02,71.25,27.62,2.207,60.95,12.3,47.7,0.114,ativo,5,Transmissão dentro do previsto,Fase 5
171,15,2026-09-17,OXI,Produção de Oxigênio,suporte_vida,0x7B12,95,59.88,68.05,27.63,1.786,49.34,24.7,64.8,0.114,ativo,5,Operação nominal do módulo,Fase 5
172,15,2026-09-17,CTR,Centro de Controle,controle,0x3D11,40,53.91,62.05,27.43,1.451,39.82,15.1,70.4,0.114,ativo,4,"Enlace estável, sem ocorrências",Fase 5
173,15,2026-09-17,ENE,Armazenamento de Energia,energia,0x7A05,110,58.82,59.42,26.27,1.681,44.17,5.4,44.7,0.114,ativo,5,Operação nominal do módulo,Fase 5
174,15,2026-09-17,AGR,Agricultura,agricultura,0x2A10,310,85.47,88.51,26.85,2.203,59.16,21.0,61.4,0.114,ativo,2,Operação nominal do módulo,Fase 5
175,15,2026-09-17,LAB,Laboratório Científico,laboratorio,0x4E30,420,91.92,90.5,27.62,1.993,55.05,13.8,38.4,0.114,ativo,2,Operação nominal do módulo,Fase 5
176,15,2026-09-17,COM,Comunicação,comunicacao,0x3C01,35,46.93,62.6,27.51,1.782,49.02,9.6,63.5,0.114,ativo,3,Operação nominal do módulo,Fase 5
177,15,2026-09-17,COM-R,Enlace Redundante,comunicacao,0x3C02,90,51.41,58.9,29.24,1.789,52.31,8.9,74.6,0.114,ativo,3,"Enlace estável, sem ocorrências",Fase 6
178,15,2026-09-17,DAT,Armazenamento de Dados,armazenamento,0x6A77,75,59.98,59.16,28.07,1.486,41.71,11.2,73.8,0.114,ativo,4,"Enlace estável, sem ocorrências",Fase 6
179,15,2026-09-17,BKP,Backup Redundante,armazenamento,0x6A78,130,56.71,56.54,28.42,2.012,57.19,7.8,57.2,0.114,ativo,3,Operação nominal do módulo,Fase 6
180,15,2026-09-17,EXT,Antena Externa Remota,comunicacao,0x3E40,640,72.59,72.95,28.75,2.246,64.57,6.5,65.9,0.114,manutencao,3,Calibração de sensor agendada,Fase 6
181,16,2026-09-18,HAB,Habitação,habitacao,0x1A3F,120,70.4,80.48,27.24,1.7,46.31,18.5,60.2,0.142,ativo,4,"Enlace estável, sem ocorrências",Fase 5
182,16,2026-09-18,MED,Suporte Médico,suporte_medico,0x5F09,150,67.22,76.05,26.52,1.719,45.59,12.3,57.4,0.142,ativo,5,Transmissão dentro do previsto,Fase 5
183,16,2026-09-18,OXI,Produção de Oxigênio,suporte_vida,0x7B12,95,60.37,64.79,27.57,1.712,47.2,24.7,65.8,0.142,ativo,5,Operação nominal do módulo,Fase 5
184,16,2026-09-18,CTR,Centro de Controle,controle,0x3D11,40,54.02,59.94,26.9,1.647,44.31,15.1,73.7,0.142,ativo,4,"Enlace estável, sem ocorrências",Fase 5
185,16,2026-09-18,ENE,Armazenamento de Energia,energia,0x7A05,110,65.87,71.15,28.63,1.755,50.26,5.4,80.5,0.142,ativo,5,Transmissão dentro do previsto,Fase 5
186,16,2026-09-18,AGR,Agricultura,agricultura,0x2A10,310,76.96,76.83,27.5,2.21,60.77,21.0,23.7,0.142,ativo,2,Operação nominal do módulo,Fase 5
187,16,2026-09-18,LAB,Laboratório Científico,laboratorio,0x4E30,420,94.03,95.68,27.22,1.795,48.87,13.8,44.2,0.142,ativo,2,Operação nominal do módulo,Fase 5
188,16,2026-09-18,COM,Comunicação,comunicacao,0x3C01,35,41.88,61.11,27.1,1.432,38.81,9.6,34.3,0.142,alerta,3,Latência acima do limite operacional,Fase 5
189,16,2026-09-18,COM-R,Enlace Redundante,comunicacao,0x3C02,90,47.9,52.78,27.41,1.412,38.7,8.9,50.3,0.142,ativo,3,"Enlace estável, sem ocorrências",Fase 6
190,16,2026-09-18,DAT,Armazenamento de Dados,armazenamento,0x6A77,75,59.49,63.86,28.44,1.539,43.78,11.2,72.9,0.142,ativo,4,"Enlace estável, sem ocorrências",Fase 6
191,16,2026-09-18,BKP,Backup Redundante,armazenamento,0x6A78,130,57.85,67.16,27.9,1.855,51.75,7.8,59.0,0.142,ativo,3,Operação nominal do módulo,Fase 6
192,16,2026-09-18,EXT,Antena Externa Remota,comunicacao,0x3E40,640,65.78,67.22,29.63,2.664,78.93,6.5,43.8,0.142,ativo,3,"Enlace estável, sem ocorrências",Fase 6
193,17,2026-09-19,HAB,Habitação,habitacao,0x1A3F,120,70.58,70.91,26.97,1.809,48.78,18.5,62.6,0.078,ativo,4,"Enlace estável, sem ocorrências",Fase 5
194,17,2026-09-19,MED,Suporte Médico,suporte_medico,0x5F09,150,70.85,71.7,30.01,1.82,54.62,12.3,79.4,0.078,ativo,5,"Enlace estável, sem ocorrências",Fase 5
195,17,2026-09-19,OXI,Produção de Oxigênio,suporte_vida,0x7B12,95,56.6,51.82,24.58,1.458,35.83,24.7,41.7,0.078,alerta,5,Latência acima do limite operacional,Fase 5
196,17,2026-09-19,CTR,Centro de Controle,controle,0x3D11,40,52.19,91.96,27.45,1.877,51.52,15.1,69.8,0.078,alerta,4,Falha parcial de redundância do enlace,Fase 5
197,17,2026-09-19,ENE,Armazenamento de Energia,energia,0x7A05,110,65.23,69.46,28.3,1.618,45.8,5.4,74.8,0.078,ativo,5,"Enlace estável, sem ocorrências",Fase 5
198,17,2026-09-19,AGR,Agricultura,agricultura,0x2A10,310,82.81,85.31,27.6,2.003,55.28,21.0,46.9,0.078,ativo,2,Operação nominal do módulo,Fase 5
199,17,2026-09-19,LAB,Laboratório Científico,laboratorio,0x4E30,420,91.52,99.32,29.21,2.297,67.07,13.8,44.0,0.078,ativo,2,Transmissão dentro do previsto,Fase 5
200,17,2026-09-19,COM,Comunicação,comunicacao,0x3C01,35,47.67,61.25,27.05,1.314,35.53,9.6,58.6,0.078,ativo,3,Operação nominal do módulo,Fase 5
201,17,2026-09-19,COM-R,Enlace Redundante,comunicacao,0x3C02,90,46.93,47.34,26.62,1.754,46.71,8.9,50.8,0.078,ativo,3,Operação nominal do módulo,Fase 6
202,17,2026-09-19,DAT,Armazenamento de Dados,armazenamento,0x6A77,75,56.97,61.93,26.97,1.863,50.25,11.2,65.4,0.078,ativo,4,"Enlace estável, sem ocorrências",Fase 6
203,17,2026-09-19,BKP,Backup Redundante,armazenamento,0x6A78,130,61.42,65.92,27.37,1.594,43.63,7.8,70.3,0.078,manutencao,3,Manutenção programada do transceptor,Fase 6
204,17,2026-09-19,EXT,Antena Externa Remota,comunicacao,0x3E40,640,69.6,118.67,27.09,2.378,64.42,6.5,52.3,0.078,alerta,3,Falha parcial de redundância do enlace,Fase 6
205,18,2026-09-20,HAB,Habitação,habitacao,0x1A3F,120,63.62,62.68,27.26,1.948,53.11,18.5,33.6,0.178,manutencao,4,Manutenção programada do transceptor,Fase 5
206,18,2026-09-20,MED,Suporte Médico,suporte_medico,0x5F09,150,75.46,83.6,26.04,1.762,45.9,12.3,95.0,0.178,ativo,5,Transmissão dentro do previsto,Fase 5
207,18,2026-09-20,OXI,Produção de Oxigênio,suporte_vida,0x7B12,95,62.98,71.19,27.07,1.322,35.79,24.7,70.6,0.178,ativo,5,Transmissão dentro do previsto,Fase 5
208,18,2026-09-20,CTR,Centro de Controle,controle,0x3D11,40,45.56,53.03,26.44,1.654,43.73,15.1,34.8,0.178,ativo,4,"Enlace estável, sem ocorrências",Fase 5
209,18,2026-09-20,ENE,Armazenamento de Energia,energia,0x7A05,110,68.33,64.94,24.77,1.543,38.22,5.4,84.3,0.178,alerta,5,Latência acima do limite operacional,Fase 5
210,18,2026-09-20,AGR,Agricultura,agricultura,0x2A10,310,86.97,94.28,28.39,1.823,51.74,21.0,63.7,0.178,manutencao,2,Manutenção preventiva de antena,Fase 5
211,18,2026-09-20,LAB,Laboratório Científico,laboratorio,0x4E30,420,100.55,103.62,27.91,1.799,50.23,13.8,74.7,0.178,ativo,2,Transmissão dentro do previsto,Fase 5
212,18,2026-09-20,COM,Comunicação,comunicacao,0x3C01,35,47.1,64.62,27.75,1.813,50.31,9.6,65.1,0.178,alerta,3,Interferência por tempestade de poeira,Fase 5
213,18,2026-09-20,COM-R,Enlace Redundante,comunicacao,0x3C02,90,46.95,55.26,28.32,1.362,38.57,8.9,46.0,0.178,ativo,3,Operação nominal do módulo,Fase 6
214,18,2026-09-20,DAT,Armazenamento de Dados,armazenamento,0x6A77,75,64.34,69.16,28.02,1.802,50.48,11.2,99.0,0.178,ativo,4,Transmissão dentro do previsto,Fase 6
215,18,2026-09-20,BKP,Backup Redundante,armazenamento,0x6A78,130,55.86,116.4,27.98,1.65,46.16,7.8,46.5,0.178,alerta,3,Queda de tensão no transmissor,Fase 6
216,18,2026-09-20,EXT,Antena Externa Remota,comunicacao,0x3E40,640,73.58,74.95,27.38,2.266,62.03,6.5,68.9,0.178,manutencao,3,Manutenção preventiva de antena,Fase 6
217,19,2026-09-21,HAB,Habitação,habitacao,0x1A3F,120,69.62,76.17,28.01,1.666,46.66,18.5,56.9,0.254,ativo,4,Transmissão dentro do previsto,Fase 5
218,19,2026-09-21,MED,Suporte Médico,suporte_medico,0x5F09,150,67.68,76.75,25.59,1.922,49.19,12.3,61.7,0.254,alerta,5,Latência acima do limite operacional,Fase 5
219,19,2026-09-21,OXI,Produção de Oxigênio,suporte_vida,0x7B12,95,62.43,65.45,28.96,1.93,55.89,24.7,80.4,0.254,ativo,5,Operação nominal do módulo,Fase 5
220,19,2026-09-21,CTR,Centro de Controle,controle,0x3D11,40,53.25,61.68,27.47,1.71,46.98,15.1,71.8,0.254,ativo,4,Transmissão dentro do previsto,Fase 5
221,19,2026-09-21,ENE,Armazenamento de Energia,energia,0x7A05,110,64.01,71.35,28.85,1.206,34.8,5.4,62.6,0.254,ativo,5,"Enlace estável, sem ocorrências",Fase 5
222,19,2026-09-21,AGR,Agricultura,agricultura,0x2A10,310,82.77,88.49,26.3,2.005,52.74,21.0,45.2,0.254,manutencao,2,Manutenção preventiva de antena,Fase 5
223,19,2026-09-21,LAB,Laboratório Científico,laboratorio,0x4E30,420,102.86,112.65,28.01,1.73,48.45,13.8,84.1,0.254,ativo,2,Transmissão dentro do previsto,Fase 5
224,19,2026-09-21,COM,Comunicação,comunicacao,0x3C01,35,46.22,70.56,28.8,1.581,45.52,9.6,58.1,0.254,alerta,3,Falha parcial de redundância do enlace,Fase 5
225,19,2026-09-21,COM-R,Enlace Redundante,comunicacao,0x3C02,90,50.82,58.66,28.26,1.746,49.35,8.9,70.1,0.254,ativo,3,Transmissão dentro do previsto,Fase 6
226,19,2026-09-21,DAT,Armazenamento de Dados,armazenamento,0x6A77,75,61.02,66.16,25.78,1.91,49.24,11.2,83.2,0.254,alerta,4,Interferência por tempestade de poeira,Fase 6
227,19,2026-09-21,BKP,Backup Redundante,armazenamento,0x6A78,130,57.95,65.12,28.6,1.919,54.88,7.8,61.4,0.254,ativo,3,Operação nominal do módulo,Fase 6
228,19,2026-09-21,EXT,Antena Externa Remota,comunicacao,0x3E40,640,74.73,85.54,27.7,2.147,59.47,6.5,72.5,0.254,ativo,3,"Enlace estável, sem ocorrências",Fase 6
229,20,2026-09-22,HAB,Habitação,habitacao,0x1A3F,120,66.81,76.32,26.48,1.577,41.76,18.5,41.1,0.282,ativo,4,"Enlace estável, sem ocorrências",Fase 5
230,20,2026-09-22,MED,Suporte Médico,suporte_medico,0x5F09,150,66.5,76.4,26.13,1.968,51.43,12.3,57.7,0.282,ativo,5,Transmissão dentro do previsto,Fase 5
231,20,2026-09-22,OXI,Produção de Oxigênio,suporte_vida,0x7B12,95,67.57,81.17,27.34,1.758,48.06,24.7,99.0,0.282,ativo,5,Transmissão dentro do previsto,Fase 5
232,20,2026-09-22,CTR,Centro de Controle,controle,0x3D11,40,50.5,63.95,28.06,1.626,45.61,15.1,58.5,0.282,ativo,4,"Enlace estável, sem ocorrências",Fase 5
233,20,2026-09-22,ENE,Armazenamento de Energia,energia,0x7A05,110,63.18,75.01,27.6,2.044,56.4,5.4,72.0,0.282,ativo,5,Operação nominal do módulo,Fase 5
234,20,2026-09-22,AGR,Agricultura,agricultura,0x2A10,310,81.22,85.62,28.59,1.952,55.79,21.0,40.0,0.282,ativo,2,Operação nominal do módulo,Fase 5
235,20,2026-09-22,LAB,Laboratório Científico,laboratorio,0x4E30,420,95.16,96.68,27.62,2.269,62.68,13.8,57.8,0.282,ativo,2,Operação nominal do módulo,Fase 5
236,20,2026-09-22,COM,Comunicação,comunicacao,0x3C01,35,52.77,81.96,25.9,1.569,40.62,9.6,84.9,0.282,alerta,3,Latência acima do limite operacional,Fase 5
237,20,2026-09-22,COM-R,Enlace Redundante,comunicacao,0x3C02,90,51.3,57.46,27.63,1.759,48.6,8.9,71.9,0.282,ativo,3,Transmissão dentro do previsto,Fase 6
238,20,2026-09-22,DAT,Armazenamento de Dados,armazenamento,0x6A77,75,57.51,64.27,27.7,1.572,43.55,11.2,63.7,0.282,manutencao,4,Manutenção preventiva de antena,Fase 6
239,20,2026-09-22,BKP,Backup Redundante,armazenamento,0x6A78,130,55.33,66.36,26.29,1.803,47.38,7.8,44.9,0.282,ativo,3,"Enlace estável, sem ocorrências",Fase 6
240,20,2026-09-22,EXT,Antena Externa Remota,comunicacao,0x3E40,640,70.3,80.65,28.96,2.371,68.65,6.5,58.0,0.282,ativo,3,"Enlace estável, sem ocorrências",Fase 6
241,21,2026-09-23,HAB,Habitação,habitacao,0x1A3F,120,72.65,78.86,27.65,1.746,48.26,18.5,71.7,0.108,ativo,4,Operação nominal do módulo,Fase 5
242,21,2026-09-23,MED,Suporte Médico,suporte_medico,0x5F09,150,67.3,64.45,26.71,2.003,53.5,12.3,62.6,0.108,ativo,5,Transmissão dentro do previsto,Fase 5
243,21,2026-09-23,OXI,Produção de Oxigênio,suporte_vida,0x7B12,95,59.56,66.36,27.24,1.672,45.54,24.7,61.1,0.108,manutencao,5,Manutenção programada do transceptor,Fase 5
244,21,2026-09-23,CTR,Centro de Controle,controle,0x3D11,40,52.2,58.68,28.18,1.744,49.16,15.1,68.3,0.108,ativo,4,Operação nominal do módulo,Fase 5
245,21,2026-09-23,ENE,Armazenamento de Energia,energia,0x7A05,110,57.86,58.23,26.44,1.857,49.11,5.4,43.4,0.108,ativo,5,"Enlace estável, sem ocorrências",Fase 5
246,21,2026-09-23,AGR,Agricultura,agricultura,0x2A10,310,89.69,92.28,27.76,1.926,53.45,21.0,77.1,0.108,ativo,2,"Enlace estável, sem ocorrências",Fase 5
247,21,2026-09-23,LAB,Laboratório Científico,laboratorio,0x4E30,420,90.72,91.75,28.11,2.138,60.09,13.8,36.1,0.108,ativo,2,"Enlace estável, sem ocorrências",Fase 5
248,21,2026-09-23,COM,Comunicação,comunicacao,0x3C01,35,49.91,75.79,26.81,1.508,40.42,9.6,71.8,0.108,alerta,3,Falha parcial de redundância do enlace,Fase 5
249,21,2026-09-23,COM-R,Enlace Redundante,comunicacao,0x3C02,90,46.65,46.32,27.07,1.725,46.7,8.9,49.6,0.108,ativo,3,Operação nominal do módulo,Fase 6
250,21,2026-09-23,DAT,Armazenamento de Dados,armazenamento,0x6A77,75,51.79,55.21,27.68,1.815,50.23,11.2,41.8,0.108,ativo,4,Transmissão dentro do previsto,Fase 6
251,21,2026-09-23,BKP,Backup Redundante,armazenamento,0x6A78,130,55.88,59.32,27.49,1.483,40.76,7.8,43.3,0.108,ativo,3,Transmissão dentro do previsto,Fase 6
252,21,2026-09-23,EXT,Antena Externa Remota,comunicacao,0x3E40,640,73.03,74.12,28.81,2.284,65.79,6.5,68.7,0.108,ativo,3,"Enlace estável, sem ocorrências",Fase 6
253,22,2026-09-24,HAB,Habitação,habitacao,0x1A3F,120,70.08,69.49,28.54,1.556,44.4,18.5,57.6,0.124,ativo,4,Transmissão dentro do previsto,Fase 5
254,22,2026-09-24,MED,Suporte Médico,suporte_medico,0x5F09,150,69.51,74.12,27.92,1.848,51.59,12.3,71.5,0.124,ativo,5,Transmissão dentro do previsto,Fase 5
255,22,2026-09-24,OXI,Produção de Oxigênio,suporte_vida,0x7B12,95,63.84,63.14,27.44,1.909,52.39,24.7,84.7,0.124,ativo,5,"Enlace estável, sem ocorrências",Fase 5
256,22,2026-09-24,CTR,Centro de Controle,controle,0x3D11,40,50.69,55.46,27.71,1.605,44.49,15.1,58.6,0.124,ativo,4,"Enlace estável, sem ocorrências",Fase 5
257,22,2026-09-24,ENE,Armazenamento de Energia,energia,0x7A05,110,65.37,78.54,27.59,1.6,44.14,5.4,74.4,0.124,ativo,5,"Enlace estável, sem ocorrências",Fase 5
258,22,2026-09-24,AGR,Agricultura,agricultura,0x2A10,310,87.64,95.25,28.14,1.953,54.94,21.0,68.7,0.124,ativo,2,"Enlace estável, sem ocorrências",Fase 5
259,22,2026-09-24,LAB,Laboratório Científico,laboratorio,0x4E30,420,96.9,104.19,24.92,2.353,58.64,13.8,63.3,0.124,alerta,2,Latência acima do limite operacional,Fase 5
260,22,2026-09-24,COM,Comunicação,comunicacao,0x3C01,35,47.76,75.98,27.66,1.636,45.25,9.6,65.0,0.124,alerta,3,Interferência por tempestade de poeira,Fase 5
261,22,2026-09-24,COM-R,Enlace Redundante,comunicacao,0x3C02,90,48.28,47.42,28.57,1.701,48.61,8.9,58.1,0.124,ativo,3,Operação nominal do módulo,Fase 6
262,22,2026-09-24,DAT,Armazenamento de Dados,armazenamento,0x6A77,75,58.23,61.69,28.21,1.415,39.91,11.2,64.7,0.124,ativo,4,"Enlace estável, sem ocorrências",Fase 6
263,22,2026-09-24,BKP,Backup Redundante,armazenamento,0x6A78,130,63.22,68.78,26.74,1.653,44.2,7.8,78.8,0.124,ativo,3,Transmissão dentro do previsto,Fase 6
264,22,2026-09-24,EXT,Antena Externa Remota,comunicacao,0x3E40,640,75.02,79.28,27.93,1.994,55.7,6.5,71.5,0.124,ativo,3,"Enlace estável, sem ocorrências",Fase 6
265,23,2026-09-25,HAB,Habitação,habitacao,0x1A3F,120,67.58,74.46,29.48,1.948,57.42,18.5,54.3,0.199,ativo,4,Operação nominal do módulo,Fase 5
266,23,2026-09-25,MED,Suporte Médico,suporte_medico,0x5F09,150,70.43,78.03,27.4,1.479,40.53,12.3,68.9,0.199,ativo,5,Transmissão dentro do previsto,Fase 5
267,23,2026-09-25,OXI,Produção de Oxigênio,suporte_vida,0x7B12,95,57.94,63.2,28.59,1.771,50.63,24.7,56.8,0.199,ativo,5,"Enlace estável, sem ocorrências",Fase 5
268,23,2026-09-25,CTR,Centro de Controle,controle,0x3D11,40,53.9,92.99,28.85,1.529,44.12,15.1,73.0,0.199,alerta,4,Queda de tensão no transmissor,Fase 5
269,23,2026-09-25,ENE,Armazenamento de Energia,energia,0x7A05,110,58.6,60.34,28.46,1.626,46.28,5.4,45.0,0.199,ativo,5,"Enlace estável, sem ocorrências",Fase 5
270,23,2026-09-25,AGR,Agricultura,agricultura,0x2A10,310,93.0,151.86,27.95,1.861,52.01,21.0,91.2,0.199,alerta,2,Perda intermitente de pacotes no enlace,Fase 5
271,23,2026-09-25,LAB,Laboratório Científico,laboratorio,0x4E30,420,88.88,95.8,26.96,2.092,56.4,13.8,25.4,0.199,ativo,2,"Enlace estável, sem ocorrências",Fase 5
272,23,2026-09-25,COM,Comunicação,comunicacao,0x3C01,35,44.99,65.72,28.63,1.609,46.07,9.6,52.9,0.199,alerta,3,Interferência por tempestade de poeira,Fase 5
273,23,2026-09-25,COM-R,Enlace Redundante,comunicacao,0x3C02,90,50.25,54.54,27.38,1.518,41.55,8.9,62.8,0.199,ativo,3,"Enlace estável, sem ocorrências",Fase 6
274,23,2026-09-25,DAT,Armazenamento de Dados,armazenamento,0x6A77,75,55.88,68.19,28.65,1.432,41.02,11.2,54.7,0.199,ativo,4,"Enlace estável, sem ocorrências",Fase 6
275,23,2026-09-25,BKP,Backup Redundante,armazenamento,0x6A78,130,59.6,65.88,26.47,1.649,43.65,7.8,62.0,0.199,ativo,3,Operação nominal do módulo,Fase 6
276,23,2026-09-25,EXT,Antena Externa Remota,comunicacao,0x3E40,640,75.28,77.06,25.91,2.218,57.48,6.5,73.8,0.199,ativo,3,Operação nominal do módulo,Fase 6
277,24,2026-09-26,HAB,Habitação,habitacao,0x1A3F,120,71.73,70.42,27.07,1.999,54.13,18.5,71.1,0.093,ativo,4,Transmissão dentro do previsto,Fase 5
278,24,2026-09-26,MED,Suporte Médico,suporte_medico,0x5F09,150,71.93,72.33,27.85,1.678,46.73,12.3,79.5,0.093,ativo,5,"Enlace estável, sem ocorrências",Fase 5
279,24,2026-09-26,OXI,Produção de Oxigênio,suporte_vida,0x7B12,95,62.05,70.4,26.88,1.903,51.16,24.7,75.8,0.093,ativo,5,Transmissão dentro do previsto,Fase 5
280,24,2026-09-26,CTR,Centro de Controle,controle,0x3D11,40,50.62,50.12,26.21,1.504,39.43,15.1,55.2,0.093,ativo,4,"Enlace estável, sem ocorrências",Fase 5
281,24,2026-09-26,ENE,Armazenamento de Energia,energia,0x7A05,110,60.25,72.12,26.16,1.874,49.02,5.4,54.2,0.093,ativo,5,Operação nominal do módulo,Fase 5
282,24,2026-09-26,AGR,Agricultura,agricultura,0x2A10,310,91.59,98.06,27.58,1.711,47.2,21.0,81.9,0.093,ativo,2,Operação nominal do módulo,Fase 5
283,24,2026-09-26,LAB,Laboratório Científico,laboratorio,0x4E30,420,101.18,106.65,27.73,1.865,51.71,13.8,78.5,0.093,ativo,2,Operação nominal do módulo,Fase 5
284,24,2026-09-26,COM,Comunicação,comunicacao,0x3C01,35,49.33,69.92,28.26,1.857,52.48,9.6,76.5,0.093,alerta,3,Falha parcial de redundância do enlace,Fase 5
285,24,2026-09-26,COM-R,Enlace Redundante,comunicacao,0x3C02,90,50.03,53.79,28.62,1.401,40.11,8.9,60.9,0.093,ativo,3,Transmissão dentro do previsto,Fase 6
286,24,2026-09-26,DAT,Armazenamento de Dados,armazenamento,0x6A77,75,55.65,57.12,27.14,1.657,44.96,11.2,56.1,0.093,ativo,4,"Enlace estável, sem ocorrências",Fase 6
287,24,2026-09-26,BKP,Backup Redundante,armazenamento,0x6A78,130,59.43,56.17,27.17,1.671,45.38,7.8,62.3,0.093,ativo,3,"Enlace estável, sem ocorrências",Fase 6
288,24,2026-09-26,EXT,Antena Externa Remota,comunicacao,0x3E40,640,66.59,70.35,28.56,1.96,55.96,6.5,33.4,0.093,ativo,3,Transmissão dentro do previsto,Fase 6
